"","ITS Estimate (95% CI)","Estimate (95% CI)","Top Control 1","Inclusion Probability of Control 1","Control 1 Estimate (95% CI)","Top Control 2","Inclusion Probability of Control 2","Control 2 Estimate (95% CI)","Top Control 3","Inclusion Probability of Control 3","Control 3 Estimate (95% CI)"
"3-<12mo_high","0.98 (0.8, 1.24)","0.88 (0.78, 1.5)","pop","0.17","0.87 (0.78, 1.02)","E40_E46","0.06","0.87 (0.77, 0.98)","Q00_Q07","0.02","0.87 (0.77, 0.98)"
"3-<12mo_low","0.82 (0.59, 1.16)","0.88 (0.72, 1.43)","E40_E46","0.71","1.13 (0.77, 1.58)","pop","0.3","0.83 (0.61, 1.02)","Q20_Q28","0.12","0.84 (0.63, 1.03)"
"3-<12mo_medium","0.89 (0.72, 1.12)","0.92 (0.77, 1.47)","R95_R99","0.15","0.93 (0.8, 1.5)","pop","0.12","0.92 (0.8, 1.06)","I30_I52","0.03","0.92 (0.8, 1.07)"
"3-<24mo_high","1.03 (0.89, 1.21)","0.92 (0.85, 1.01)","Q00_Q07","0.03","0.92 (0.85, 1)","G80_G83","0.03","0.92 (0.85, 1.01)","B00_B09","0.02","0.92 (0.85, 1.01)"
"3-<24mo_low","0.88 (0.67, 1.14)","1.12 (0.79, 1.55)","pop","0.88","0.83 (0.73, 0.96)","E40_E46","0.12","0.85 (0.69, 0.99)","V01_X59","0.06","0.85 (0.72, 0.99)"
"3-<24mo_medium","0.94 (0.77, 1.15)","1.25 (0.82, 1.62)","pop","0.73","0.9 (0.78, 1.04)","R00_R09","0.04","0.9 (0.77, 1.03)","R95_R99","0.03","0.91 (0.8, 1.03)"
"3-<60mo_high","1.11 (0.94, 1.33)","1.02 (0.93, 1.12)","D55_D59","0.14","1.03 (0.94, 1.13)","G10_G14","0.02","1.02 (0.94, 1.12)","I60_69","0.02","1.02 (0.92, 1.13)"
"3-<60mo_low","0.87 (0.7, 1.09)","1.06 (0.77, 1.32)","pop","0.82","0.83 (0.73, 0.94)","E40_E46","0.14","0.85 (0.72, 0.97)","R95_R99","0.01","0.85 (0.74, 0.97)"
"3-<60mo_medium","1.02 (0.87, 1.22)","1.27 (0.9, 1.59)","pop","0.78","0.97 (0.86, 1.1)","I30_I52","0.03","0.97 (0.86, 1.1)","K55_K63","0.02","0.97 (0.86, 1.1)"
